[
  {
    "fullName": "Kristian Engberg",
    "boughtCars": 14,
    "spentMoney": 69368.16
  },
  {
    "fullName": "Johnette Derryberry",
    "boughtCars": 11,
    "spentMoney": 65403.07
  },
  {
    "fullName": "Zada Attwood",
    "boughtCars": 16,
    "spentMoney": 62516.18
  },
  {
    "fullName": "Hipolito Lamoreaux",
    "boughtCars": 11,
    "spentMoney": 58060.69
  },
  {
    "fullName": "Daniele Zarate",
    "boughtCars": 12,
    "spentMoney": 57343.83
  },
  {
    "fullName": "Cinthia Lasala",
    "boughtCars": 17,
    "spentMoney": 55753.49
  },
  {
    "fullName": "Carole Witman",
    "boughtCars": 11,
    "spentMoney": 55227.11
  },
  {
    "fullName": "Teddy Hobby",
    "boughtCars": 12,
    "spentMoney": 50922.91
  },
  {
    "fullName": "Audrea Cardinal",
    "boughtCars": 13,
    "spentMoney": 50126.68
  },
  {
    "fullName": "Natalie Poli",
    "boughtCars": 10,
    "spentMoney": 49181.86
  },
  {
    "fullName": "Marcelle Griego",
    "boughtCars": 13,
    "spentMoney": 46725.20
  },
  {
    "fullName": "Emmitt Benally",
    "boughtCars": 10,
    "spentMoney": 45400.77
  },
  {
    "fullName": "Sylvie Mcelravy",
    "boughtCars": 10,
    "spentMoney": 44489.94
  },
  {
    "fullName": "Donnetta Soliz",
    "boughtCars": 10,
    "spentMoney": 44207.70
  },
  {
    "fullName": "Nisha Markwell",
    "boughtCars": 11,
    "spentMoney": 43087.45
  },
  {
    "fullName": "Faustina Burgher",
    "boughtCars": 9,
    "spentMoney": 41595.11
  },
  {
    "fullName": "Garret Capron",
    "boughtCars": 9,
    "spentMoney": 40378.13
  },
  {
    "fullName": "Yvonne Mccalla",
    "boughtCars": 9,
    "spentMoney": 38378.34
  },
  {
    "fullName": "Brett Brickley",
    "boughtCars": 10,
    "spentMoney": 35443.21
  },
  {
    "fullName": "Louann Holzworth",
    "boughtCars": 7,
    "spentMoney": 34522.75
  },
  {
    "fullName": "Lino Subia",
    "boughtCars": 8,
    "spentMoney": 32728.48
  },
  {
    "fullName": "Jimmy Grossi",
    "boughtCars": 8,
    "spentMoney": 31643.54
  },
  {
    "fullName": "Oren Perlman",
    "boughtCars": 8,
    "spentMoney": 31086.13
  },
  {
    "fullName": "Carri Knapik",
    "boughtCars": 7,
    "spentMoney": 29872.01
  },
  {
    "fullName": "Francis Mckim",
    "boughtCars": 8,
    "spentMoney": 29792.30
  },
  {
    "fullName": "Taina Achenbach",
    "boughtCars": 7,
    "spentMoney": 29743.48
  },
  {
    "fullName": "Hai Everton",
    "boughtCars": 6,
    "spentMoney": 28751.13
  },
  {
    "fullName": "Rico Peer",
    "boughtCars": 9,
    "spentMoney": 26285.96
  },
  {
    "fullName": "Ann Mcenaney",
    "boughtCars": 8,
    "spentMoney": 23373.18
  },
  {
    "fullName": "Rema Revelle",
    "boughtCars": 6,
    "spentMoney": 16474.57
  }
]