[
  {
    "Id": 29,
    "Name": "Louann Holzworth",
    "BirtdDate": "1960-10-01T00:00:00",
    "IsYoungDriver": false,
    "Sales": []
  },
  {
    "Id": 2,
    "Name": "Donnetta Soliz",
    "BirtdDate": "1963-10-01T00:00:00",
    "IsYoungDriver": true,
    "Sales": []
  },
  {
    "Id": 13,
    "Name": "Rema Revelle",
    "BirtdDate": "1970-05-01T00:00:00",
    "IsYoungDriver": true,
    "Sales": []
  },
  {
    "Id": 14,
    "Name": "Carri Knapik",
    "BirtdDate": "1972-02-02T00:00:00",
    "IsYoungDriver": true,
    "Sales": []
  },
  {
    "Id": 3,
    "Name": "Garret Capron",
    "BirtdDate": "1975-07-01T00:00:00",
    "IsYoungDriver": false,
    "Sales": []
  },
  {
    "Id": 22,
    "Name": "Teddy Hobby",
    "BirtdDate": "1975-10-01T00:00:00",
    "IsYoungDriver": true,
    "Sales": []
  },
  {
    "Id": 20,
    "Name": "Audrea Cardinal",
    "BirtdDate": "1976-10-01T00:00:00",
    "IsYoungDriver": false,
    "Sales": []
  },
  {
    "Id": 19,
    "Name": "Francis Mckim",
    "BirtdDate": "1977-10-01T00:00:00",
    "IsYoungDriver": true,
    "Sales": []
  },
  {
    "Id": 16,
    "Name": "Brett Brickley",
    "BirtdDate": "1980-10-01T00:00:00",
    "IsYoungDriver": true,
    "Sales": []
  },
  {
    "Id": 15,
    "Name": "Kristian Engberg",
    "BirtdDate": "1981-10-03T00:00:00",
    "IsYoungDriver": false,
    "Sales": []
  },
  {
    "Id": 4,
    "Name": "Hipolito Lamoreaux",
    "BirtdDate": "1982-08-01T00:00:00",
    "IsYoungDriver": true,
    "Sales": []
  },
  {
    "Id": 26,
    "Name": "Zada Attwood",
    "BirtdDate": "1982-10-01T00:00:00",
    "IsYoungDriver": true,
    "Sales": []
  },
  {
    "Id": 5,
    "Name": "Sylvie Mcelravy",
    "BirtdDate": "1983-10-01T00:00:00",
    "IsYoungDriver": false,
    "Sales": []
  },
  {
    "Id": 23,
    "Name": "Rico Peer",
    "BirtdDate": "1984-10-01T00:00:00",
    "IsYoungDriver": true,
    "Sales": []
  },
  {
    "Id": 25,
    "Name": "Hai Everton",
    "BirtdDate": "1985-10-01T00:00:00",
    "IsYoungDriver": true,
    "Sales": []
  },
  {
    "Id": 24,
    "Name": "Lino Subia",
    "BirtdDate": "1985-12-21T00:00:00",
    "IsYoungDriver": false,
    "Sales": []
  },
  {
    "Id": 6,
    "Name": "Jimmy Grossi",
    "BirtdDate": "1986-07-01T00:00:00",
    "IsYoungDriver": true,
    "Sales": []
  },
  {
    "Id": 18,
    "Name": "Carole Witman",
    "BirtdDate": "1987-10-01T00:00:00",
    "IsYoungDriver": false,
    "Sales": []
  },
  {
    "Id": 17,
    "Name": "Oren Perlman",
    "BirtdDate": "1988-10-01T00:00:00",
    "IsYoungDriver": true,
    "Sales": []
  },
  {
    "Id": 28,
    "Name": "Natalie Poli",
    "BirtdDate": "1990-10-04T00:00:00",
    "IsYoungDriver": false,
    "Sales": []
  },
  {
    "Id": 27,
    "Name": "Marcelle Griego",
    "BirtdDate": "1990-10-04T00:00:00",
    "IsYoungDriver": true,
    "Sales": []
  },
  {
    "Id": 30,
    "Name": "Ann Mcenaney",
    "BirtdDate": "1992-03-02T00:00:00",
    "IsYoungDriver": true,
    "Sales": []
  },
  {
    "Id": 11,
    "Name": "Yvonne Mccalla",
    "BirtdDate": "1992-03-02T00:00:00",
    "IsYoungDriver": true,
    "Sales": []
  },
  {
    "Id": 9,
    "Name": "Cinthia Lasala",
    "BirtdDate": "1992-11-01T00:00:00",
    "IsYoungDriver": true,
    "Sales": []
  },
  {
    "Id": 1,
    "Name": "Emmitt Benally",
    "BirtdDate": "1993-11-20T00:00:00",
    "IsYoungDriver": true,
    "Sales": []
  },
  {
    "Id": 10,
    "Name": "Nisha Markwell",
    "BirtdDate": "1994-04-04T00:00:00",
    "IsYoungDriver": false,
    "Sales": []
  },
  {
    "Id": 7,
    "Name": "Faustina Burgher",
    "BirtdDate": "1994-06-01T00:00:00",
    "IsYoungDriver": false,
    "Sales": []
  },
  {
    "Id": 12,
    "Name": "Taina Achenbach",
    "BirtdDate": "1994-10-01T00:00:00",
    "IsYoungDriver": false,
    "Sales": []
  },
  {
    "Id": 21,
    "Name": "Johnette Derryberry",
    "BirtdDate": "1995-10-01T00:00:00",
    "IsYoungDriver": true,
    "Sales": []
  },
  {
    "Id": 8,
    "Name": "Daniele Zarate",
    "BirtdDate": "1995-10-05T00:00:00",
    "IsYoungDriver": false,
    "Sales": []
  }
]