[
  {
    "firstName": "Fred",
    "lastName": "Allen",
    "soldProducts": [
      {
        "name": "Azithromycin",
        "price": 813.87,
        "buyerFirstName": "Sarah",
        "buyerLastName": "Day"
      },
      {
        "name": "CLARINS Ever Matte SPF 15 - 105 Nude",
        "price": 696.06,
        "buyerFirstName": "Jennifer",
        "buyerLastName": "Riley"
      },
      {
        "name": "Irbesartan and Hydrochlorothiazide",
        "price": 308.30,
        "buyerFirstName": "Bonnie",
        "buyerLastName": "Fox"
      },
      {
        "name": "Diastat",
        "price": 614.14,
        "buyerFirstName": null,
        "buyerLastName": "Peterson"
      },
      {
        "name": "Strattera",
        "price": 658.54,
        "buyerFirstName": "Rachel",
        "buyerLastName": "Johnson"
      }
    ]
  },
  {
    "firstName": null,
    "lastName": "Baker",
    "soldProducts": [
      {
        "name": "ropinirole hydrochloride",
        "price": 103.58,
        "buyerFirstName": null,
        "buyerLastName": "Stewart"
      },
      {
        "name": "Fosphenytoin Sodium",
        "price": 1334.06,
        "buyerFirstName": "Sandra",
        "buyerLastName": "Riley"
      },
      {
        "name": "Metaxalone",
        "price": 79.94,
        "buyerFirstName": "Fred",
        "buyerLastName": "Allen"
      },
      {
        "name": "olio activ mouthwash",
        "price": 206.06,
        "buyerFirstName": null,
        "buyerLastName": "Mitchell"
      },
      {
        "name": "Gemcitabine",
        "price": 594.79,
        "buyerFirstName": "Kathy",
        "buyerLastName": "Gilbert"
      }
    ]
  },
  {
    "firstName": "Fred",
    "lastName": "Barnes",
    "soldProducts": [
      {
        "name": "Pollens - Weeds and Garden Plants, Scotch Broom Cytisus scoparius",
        "price": 135.82,
        "buyerFirstName": null,
        "buyerLastName": "Cunningham"
      },
      {
        "name": "Prednisone",
        "price": 1285.99,
        "buyerFirstName": "Ann",
        "buyerLastName": "Stevens"
      },
      {
        "name": "TRAMADOL HYDROCHLORIDE",
        "price": 516.48,
        "buyerFirstName": "Carl",
        "buyerLastName": "Lawson"
      },
      {
        "name": "Benazepril Hydrochloride and Hydrochlorothiazide",
        "price": 1187.27,
        "buyerFirstName": null,
        "buyerLastName": "Baker"
      }
    ]
  },
  {
    "firstName": null,
    "lastName": "Bennett",
    "soldProducts": [
      {
        "name": "Hydralazine Hydrochloride",
        "price": 1309.72,
        "buyerFirstName": "Chris",
        "buyerLastName": "Mitchell"
      }
    ]
  },
  {
    "firstName": "Anna",
    "lastName": "Clark",
    "soldProducts": [
      {
        "name": "Yellow Jacket hymenoptera venom Venomil Diagnostic",
        "price": 23.58,
        "buyerFirstName": null,
        "buyerLastName": "Thompson"
      },
      {
        "name": "SEPHORA Acne-Fighting Mattifying Moisturizer",
        "price": 1019.28,
        "buyerFirstName": "Eugene",
        "buyerLastName": "Stewart"
      },
      {
        "name": "Ketorolac Tromethamine",
        "price": 608.18,
        "buyerFirstName": "Paula",
        "buyerLastName": "Hill"
      },
      {
        "name": "Clarins Paris Skin Illusion - 114 cappuccino",
        "price": 811.42,
        "buyerFirstName": null,
        "buyerLastName": "Bennett"
      }
    ]
  },
  {
    "firstName": "Doris",
    "lastName": "Cook",
    "soldProducts": [
      {
        "name": "H-Rosacea Formula",
        "price": 99.74,
        "buyerFirstName": null,
        "buyerLastName": "Fox"
      }
    ]
  },
  {
    "firstName": "Patricia",
    "lastName": "Cooper",
    "soldProducts": [
      {
        "name": "smart sense nicotine",
        "price": 1444.12,
        "buyerFirstName": null,
        "buyerLastName": "Moreno"
      },
      {
        "name": "SNORING HP",
        "price": 53.59,
        "buyerFirstName": "Eugene",
        "buyerLastName": "Stewart"
      },
      {
        "name": "Cefadroxil",
        "price": 1302.20,
        "buyerFirstName": "Joshua",
        "buyerLastName": "Murray"
      }
    ]
  },
  {
    "firstName": null,
    "lastName": "Cunningham",
    "soldProducts": [
      {
        "name": "Enalapril Maleate",
        "price": 72.71,
        "buyerFirstName": "Jean",
        "buyerLastName": "Henry"
      },
      {
        "name": "Fluoxetine",
        "price": 385.37,
        "buyerFirstName": "Gloria",
        "buyerLastName": "Alexander"
      }
    ]
  },
  {
    "firstName": "Carl",
    "lastName": "Daniels",
    "soldProducts": [
      {
        "name": "Dover Aminophen",
        "price": 192.07,
        "buyerFirstName": "Nicole",
        "buyerLastName": "Harris"
      }
    ]
  },
  {
    "firstName": "Sarah",
    "lastName": "Day",
    "soldProducts": [
      {
        "name": "Ranitidine",
        "price": 926.64,
        "buyerFirstName": "Christina",
        "buyerLastName": "Patterson"
      },
      {
        "name": "Spironolactone",
        "price": 933.69,
        "buyerFirstName": "Wanda",
        "buyerLastName": "Harris"
      }
    ]
  },
  {
    "firstName": "Clarence",
    "lastName": "Fowler",
    "soldProducts": [
      {
        "name": "Burn Jel",
        "price": 209.57,
        "buyerFirstName": "Bonnie",
        "buyerLastName": "Fox"
      },
      {
        "name": "ANXIETY/STRESS RELIEF",
        "price": 324.66,
        "buyerFirstName": "Gloria",
        "buyerLastName": "Alexander"
      }
    ]
  },
  {
    "firstName": null,
    "lastName": "Fox",
    "soldProducts": [
      {
        "name": "Topiramate",
        "price": 578.77,
        "buyerFirstName": null,
        "buyerLastName": "Fox"
      },
      {
        "name": "Leflunomide",
        "price": 312.85,
        "buyerFirstName": "Brenda",
        "buyerLastName": "Howell"
      },
      {
        "name": "smart sense nighttime cold and flu relief",
        "price": 1101.77,
        "buyerFirstName": null,
        "buyerLastName": "Moreno"
      },
      {
        "name": "Goats Milk",
        "price": 298.53,
        "buyerFirstName": "Diana",
        "buyerLastName": "Harvey"
      }
    ]
  },
  {
    "firstName": "Bonnie",
    "lastName": "Fox",
    "soldProducts": [
      {
        "name": "Air",
        "price": 331.53,
        "buyerFirstName": "Paula",
        "buyerLastName": "Hill"
      },
      {
        "name": "Labetalol hydrochloride",
        "price": 436.38,
        "buyerFirstName": "Eugene",
        "buyerLastName": "Stewart"
      },
      {
        "name": "ORCHID SECRET PACT",
        "price": 59.53,
        "buyerFirstName": "Betty",
        "buyerLastName": "Ward"
      },
      {
        "name": "Ibuprofen",
        "price": 1088.04,
        "buyerFirstName": null,
        "buyerLastName": "Bennett"
      },
      {
        "name": "RESCRIPTOR",
        "price": 850.52,
        "buyerFirstName": "Anna",
        "buyerLastName": "Clark"
      },
      {
        "name": "Dawn Ultra Antibacterial Hand",
        "price": 969.86,
        "buyerFirstName": "Nicole",
        "buyerLastName": "Harris"
      }
    ]
  },
  {
    "firstName": "Amanda",
    "lastName": "Frazier",
    "soldProducts": [
      {
        "name": "Allopurinol",
        "price": 336.81,
        "buyerFirstName": null,
        "buyerLastName": "Peterson"
      },
      {
        "name": "Amitriptyline Hydrochloride",
        "price": 1453.96,
        "buyerFirstName": "Sarah",
        "buyerLastName": "Day"
      }
    ]
  },
  {
    "firstName": "Brandon",
    "lastName": "Fuller",
    "soldProducts": [
      {
        "name": "No7 Protect and Perfect Foundation Sunscreen Broad Spectrum SPF 15 Cool Ivory",
        "price": 616.19,
        "buyerFirstName": "Christine",
        "buyerLastName": "Gomez"
      },
      {
        "name": "Fair Foundation SPF 15",
        "price": 1394.24,
        "buyerFirstName": "Ann",
        "buyerLastName": "Stevens"
      },
      {
        "name": "Megestrol Acetate",
        "price": 976.15,
        "buyerFirstName": null,
        "buyerLastName": "Bennett"
      }
    ]
  },
  {
    "firstName": "Patricia",
    "lastName": "Fuller",
    "soldProducts": [
      {
        "name": "Aspirin",
        "price": 925.45,
        "buyerFirstName": "Rachel",
        "buyerLastName": "Johnson"
      },
      {
        "name": "Propranolol Hydrochloride",
        "price": 546.95,
        "buyerFirstName": "Patricia",
        "buyerLastName": "Cooper"
      },
      {
        "name": "Topical 60 Sec Sodium Fluoride",
        "price": 1228.84,
        "buyerFirstName": "Diana",
        "buyerLastName": "Harvey"
      }
    ]
  },
  {
    "firstName": "Christine",
    "lastName": "Gomez",
    "soldProducts": [
      {
        "name": "Pollens - Trees, Birch Mix",
        "price": 1153.54,
        "buyerFirstName": "Sarah",
        "buyerLastName": "Day"
      },
      {
        "name": "Smooth texture Orange flavor",
        "price": 976.65,
        "buyerFirstName": "Patricia",
        "buyerLastName": "Cooper"
      },
      {
        "name": "Foaming Hand Sanitizer",
        "price": 624.72,
        "buyerFirstName": null,
        "buyerLastName": "Moreno"
      },
      {
        "name": "Lamotrigine Extended Release",
        "price": 245.63,
        "buyerFirstName": "Betty",
        "buyerLastName": "Lawson"
      }
    ]
  },
  {
    "firstName": "Nicole",
    "lastName": "Harris",
    "soldProducts": [
      {
        "name": "Topex",
        "price": 1258.49,
        "buyerFirstName": "Betty",
        "buyerLastName": "Lawson"
      }
    ]
  },
  {
    "firstName": null,
    "lastName": "Harrison",
    "soldProducts": [
      {
        "name": "IOPE SUPER VITAL",
        "price": 824.68,
        "buyerFirstName": "Carl",
        "buyerLastName": "Lawson"
      },
      {
        "name": "Enchanted Moments Mistletoe Kisses Hand Sanitizer",
        "price": 384.99,
        "buyerFirstName": null,
        "buyerLastName": "Bennett"
      },
      {
        "name": "ENALAPRIL MALEATE",
        "price": 210.42,
        "buyerFirstName": "Betty",
        "buyerLastName": "Ward"
      },
      {
        "name": "Zonisamide",
        "price": 1305.41,
        "buyerFirstName": "Paula",
        "buyerLastName": "Hill"
      },
      {
        "name": "ROPINIROLE HYDROCHLORIDE",
        "price": 266.44,
        "buyerFirstName": "Billy",
        "buyerLastName": "Parker"
      }
    ]
  },
  {
    "firstName": "Diana",
    "lastName": "Harvey",
    "soldProducts": [
      {
        "name": "Care One Hemorrhoidal",
        "price": 932.18,
        "buyerFirstName": "Anna",
        "buyerLastName": "Parker"
      }
    ]
  },
  {
    "firstName": "Benjamin",
    "lastName": "Henry",
    "soldProducts": [
      {
        "name": "ISOPROPYL ALCOHOL",
        "price": 339.48,
        "buyerFirstName": "Gloria",
        "buyerLastName": "Alexander"
      }
    ]
  },
  {
    "firstName": "Jean",
    "lastName": "Henry",
    "soldProducts": [
      {
        "name": "Homeopathic Rheumatism",
        "price": 967.08,
        "buyerFirstName": "Patrick",
        "buyerLastName": "King"
      },
      {
        "name": "Shopko Lip Treatment",
        "price": 861.42,
        "buyerFirstName": "Patrick",
        "buyerLastName": "King"
      },
      {
        "name": "Metformin Hydrochloride",
        "price": 953.99,
        "buyerFirstName": "Carl",
        "buyerLastName": "Lawson"
      },
      {
        "name": "kirkland signature minoxidil",
        "price": 49.17,
        "buyerFirstName": "Betty",
        "buyerLastName": "Lawson"
      },
      {
        "name": "LV-FX",
        "price": 820.87,
        "buyerFirstName": "Jacqueline",
        "buyerLastName": "Perez"
      }
    ]
  },
  {
    "firstName": "Paula",
    "lastName": "Hill",
    "soldProducts": [
      {
        "name": "Phenylephrine HCl",
        "price": 459.89,
        "buyerFirstName": "Jennifer",
        "buyerLastName": "Riley"
      },
      {
        "name": "Laser Block 100",
        "price": 1135.43,
        "buyerFirstName": null,
        "buyerLastName": "Schmidt"
      }
    ]
  },
  {
    "firstName": "Rachel",
    "lastName": "Johnson",
    "soldProducts": [
      {
        "name": "Treatment Set TS336667",
        "price": 1466.47,
        "buyerFirstName": "Patrick",
        "buyerLastName": "King"
      },
      {
        "name": "Acnezzol Base",
        "price": 710.60,
        "buyerFirstName": null,
        "buyerLastName": "Harrison"
      },
      {
        "name": "MEDICATED DANDRUFF",
        "price": 1351.02,
        "buyerFirstName": "Paula",
        "buyerLastName": "Hill"
      },
      {
        "name": "Amlodipine Besylate",
        "price": 122.57,
        "buyerFirstName": "Paula",
        "buyerLastName": "Hill"
      },
      {
        "name": "IOPE RETIGEN MOISTURE TWIN CAKE NO.21",
        "price": 1257.71,
        "buyerFirstName": "Fred",
        "buyerLastName": "Barnes"
      }
    ]
  },
  {
    "firstName": "Patrick",
    "lastName": "King",
    "soldProducts": [
      {
        "name": "Trihexyphenidyl Hydrochloride",
        "price": 64.88,
        "buyerFirstName": null,
        "buyerLastName": "Mitchell"
      },
      {
        "name": "MOIST MOISTURE SKIN TONER",
        "price": 152.43,
        "buyerFirstName": "Brandon",
        "buyerLastName": "Fuller"
      }
    ]
  },
  {
    "firstName": "Betty",
    "lastName": "Lawson",
    "soldProducts": [
      {
        "name": "Oxygen",
        "price": 1242.92,
        "buyerFirstName": "Carl",
        "buyerLastName": "Lawson"
      },
      {
        "name": "Effervescent Cold Relief",
        "price": 1436.07,
        "buyerFirstName": "Nicole",
        "buyerLastName": "Harris"
      },
      {
        "name": "ESIKA",
        "price": 879.37,
        "buyerFirstName": "Sandra",
        "buyerLastName": "Riley"
      }
    ]
  },
  {
    "firstName": "Carl",
    "lastName": "Lawson",
    "soldProducts": [
      {
        "name": "Pollens - Weeds and Garden Plants, Nettle Urtica dioica",
        "price": 782.77,
        "buyerFirstName": null,
        "buyerLastName": "Mitchell"
      },
      {
        "name": "PLANTAGO LANCEOLATA POLLEN",
        "price": 561.68,
        "buyerFirstName": "Bonnie",
        "buyerLastName": "Fox"
      }
    ]
  },
  {
    "firstName": "Nicole",
    "lastName": "Martinez",
    "soldProducts": [
      {
        "name": "Glycopyrrolate",
        "price": 1471.43,
        "buyerFirstName": null,
        "buyerLastName": "Cunningham"
      },
      {
        "name": "Perrigo Benzoyl Peroxide",
        "price": 873.24,
        "buyerFirstName": "Marie",
        "buyerLastName": "Williamson"
      },
      {
        "name": "Etodolac",
        "price": 1443.13,
        "buyerFirstName": "Patrick",
        "buyerLastName": "King"
      }
    ]
  },
  {
    "firstName": null,
    "lastName": "Mitchell",
    "soldProducts": [
      {
        "name": "Allopurinol",
        "price": 518.50,
        "buyerFirstName": null,
        "buyerLastName": "Moreno"
      }
    ]
  },
  {
    "firstName": "Chris",
    "lastName": "Mitchell",
    "soldProducts": [
      {
        "name": "Childrens Allegra Allergy",
        "price": 650.97,
        "buyerFirstName": "Gloria",
        "buyerLastName": "Alexander"
      },
      {
        "name": "REYATAZ",
        "price": 41.97,
        "buyerFirstName": "Jonathan",
        "buyerLastName": "Rodriguez"
      },
      {
        "name": "ESIKA 3-IN-1 PRO MAKE UP FOUNDATION SPF 20 BASE DE MAQUILLAJE PARA ROSTRO 3-EN-1 PRO FPS 20",
        "price": 1097.60,
        "buyerFirstName": "Chris",
        "buyerLastName": "Mitchell"
      },
      {
        "name": "Moore Medical Sinus Pain and Pressure Relief",
        "price": 855.39,
        "buyerFirstName": "Arthur",
        "buyerLastName": "Reynolds"
      },
      {
        "name": "GOONG SECRET CALMING BATH",
        "price": 742.47,
        "buyerFirstName": "Fred",
        "buyerLastName": "Barnes"
      }
    ]
  },
  {
    "firstName": null,
    "lastName": "Moreno",
    "soldProducts": [
      {
        "name": "Flumazenil",
        "price": 1151.37,
        "buyerFirstName": "Jacqueline",
        "buyerLastName": "Perez"
      },
      {
        "name": "CEDAX",
        "price": 342.86,
        "buyerFirstName": "Sandra",
        "buyerLastName": "Riley"
      },
      {
        "name": "Triamterene and Hydrochlorothiazide",
        "price": 1416.59,
        "buyerFirstName": null,
        "buyerLastName": "Mitchell"
      }
    ]
  },
  {
    "firstName": "Joshua",
    "lastName": "Murray",
    "soldProducts": [
      {
        "name": "Gilotrif",
        "price": 1454.77,
        "buyerFirstName": "Eugene",
        "buyerLastName": "Stewart"
      }
    ]
  },
  {
    "firstName": "Anna",
    "lastName": "Parker",
    "soldProducts": [
      {
        "name": "Allergena",
        "price": 109.32,
        "buyerFirstName": "Billy",
        "buyerLastName": "Parker"
      },
      {
        "name": "Meloxicam",
        "price": 809.18,
        "buyerFirstName": "Sandra",
        "buyerLastName": "Riley"
      }
    ]
  },
  {
    "firstName": "Billy",
    "lastName": "Parker",
    "soldProducts": [
      {
        "name": "PCA SKIN ACNE",
        "price": 1356.22,
        "buyerFirstName": "Jeremy",
        "buyerLastName": "Woods"
      },
      {
        "name": "Pioglitazone",
        "price": 306.56,
        "buyerFirstName": "Patricia",
        "buyerLastName": "Fuller"
      },
      {
        "name": "Labetalol Hydrochloride",
        "price": 1345.11,
        "buyerFirstName": "Doris",
        "buyerLastName": "Cook"
      }
    ]
  },
  {
    "firstName": "Emily",
    "lastName": "Parker",
    "soldProducts": [
      {
        "name": "Etoposide",
        "price": 1483.96,
        "buyerFirstName": "Sandra",
        "buyerLastName": "Riley"
      }
    ]
  },
  {
    "firstName": "Christina",
    "lastName": "Patterson",
    "soldProducts": [
      {
        "name": "Almond",
        "price": 367.32,
        "buyerFirstName": "Nicole",
        "buyerLastName": "Harris"
      },
      {
        "name": "Ampicillin",
        "price": 674.63,
        "buyerFirstName": "Gary",
        "buyerLastName": "Stevens"
      },
      {
        "name": "Imipramine Hydrochloride",
        "price": 648.69,
        "buyerFirstName": null,
        "buyerLastName": "Baker"
      }
    ]
  },
  {
    "firstName": "Jacqueline",
    "lastName": "Perez",
    "soldProducts": [
      {
        "name": "Isosorbide Mononitrate",
        "price": 789.91,
        "buyerFirstName": "Carl",
        "buyerLastName": "Lawson"
      },
      {
        "name": "Alternaria alternata",
        "price": 61.24,
        "buyerFirstName": "Brenda",
        "buyerLastName": "Howell"
      },
      {
        "name": "Ringers",
        "price": 1054.37,
        "buyerFirstName": "Jennifer",
        "buyerLastName": "Riley"
      },
      {
        "name": "Alcohol Free Antiseptic",
        "price": 1486.07,
        "buyerFirstName": "Jacqueline",
        "buyerLastName": "Perez"
      }
    ]
  },
  {
    "firstName": null,
    "lastName": "Peterson",
    "soldProducts": [
      {
        "name": "NEO-POLY-BAC HYDRO",
        "price": 967.32,
        "buyerFirstName": "Jeremy",
        "buyerLastName": "Woods"
      }
    ]
  },
  {
    "firstName": "Arthur",
    "lastName": "Reynolds",
    "soldProducts": [
      {
        "name": "Ondansetron",
        "price": 1249.76,
        "buyerFirstName": "Christina",
        "buyerLastName": "Patterson"
      },
      {
        "name": "EMEND",
        "price": 1365.51,
        "buyerFirstName": "Clarence",
        "buyerLastName": "Fowler"
      }
    ]
  },
  {
    "firstName": "Sandra",
    "lastName": "Riley",
    "soldProducts": [
      {
        "name": "DIVALPROEX SODIUM",
        "price": 1287.03,
        "buyerFirstName": "Clarence",
        "buyerLastName": "Fowler"
      },
      {
        "name": "Etomidate",
        "price": 393.94,
        "buyerFirstName": "Anna",
        "buyerLastName": "Clark"
      },
      {
        "name": "Peter Island Continous sunscreen kids",
        "price": 471.30,
        "buyerFirstName": null,
        "buyerLastName": "Mitchell"
      },
      {
        "name": "Albuterol",
        "price": 108.95,
        "buyerFirstName": null,
        "buyerLastName": "Stewart"
      },
      {
        "name": "allergy eye",
        "price": 426.91,
        "buyerFirstName": "Patricia",
        "buyerLastName": "Cooper"
      }
    ]
  },
  {
    "firstName": "Jonathan",
    "lastName": "Rodriguez",
    "soldProducts": [
      {
        "name": "Butalbital, Aspirin and Caffeine",
        "price": 1010.98,
        "buyerFirstName": "Jean",
        "buyerLastName": "Henry"
      },
      {
        "name": "Parsley",
        "price": 519.06,
        "buyerFirstName": "Jennifer",
        "buyerLastName": "Riley"
      },
      {
        "name": "CVS Therapeutic Menthol Pain Reliever",
        "price": 1033.42,
        "buyerFirstName": "Rachel",
        "buyerLastName": "Johnson"
      }
    ]
  },
  {
    "firstName": null,
    "lastName": "Schmidt",
    "soldProducts": [
      {
        "name": "Acid Reducer",
        "price": 1443.51,
        "buyerFirstName": "Patrick",
        "buyerLastName": "King"
      },
      {
        "name": "Leg Cramp Relief",
        "price": 1345.69,
        "buyerFirstName": "Kathy",
        "buyerLastName": "Gilbert"
      },
      {
        "name": "equaline",
        "price": 520.45,
        "buyerFirstName": "Fred",
        "buyerLastName": "Barnes"
      },
      {
        "name": "GEMCITABINE",
        "price": 1468.11,
        "buyerFirstName": "Doris",
        "buyerLastName": "Cook"
      }
    ]
  },
  {
    "firstName": "Thomas",
    "lastName": "Snyder",
    "soldProducts": [
      {
        "name": "Nighttime Sleep Aid",
        "price": 1217.11,
        "buyerFirstName": "Jonathan",
        "buyerLastName": "Rodriguez"
      }
    ]
  },
  {
    "firstName": "Ann",
    "lastName": "Stevens",
    "soldProducts": [
      {
        "name": "Prednisone",
        "price": 550.72,
        "buyerFirstName": "Jonathan",
        "buyerLastName": "Rodriguez"
      },
      {
        "name": "U-max Multi BB",
        "price": 137.16,
        "buyerFirstName": null,
        "buyerLastName": "Cunningham"
      },
      {
        "name": "PAMO Kill Natural",
        "price": 1181.06,
        "buyerFirstName": "Christina",
        "buyerLastName": "Patterson"
      },
      {
        "name": "Buprenorphine hydrochloride and naloxone hydrochloride dihydrate",
        "price": 293.33,
        "buyerFirstName": "Emily",
        "buyerLastName": "Parker"
      }
    ]
  },
  {
    "firstName": "Gary",
    "lastName": "Stevens",
    "soldProducts": [
      {
        "name": "AVANDAMET",
        "price": 632.08,
        "buyerFirstName": "Joshua",
        "buyerLastName": "Murray"
      },
      {
        "name": "PANTOPRAZOLE SODIUM",
        "price": 293.89,
        "buyerFirstName": null,
        "buyerLastName": "Peterson"
      },
      {
        "name": "DIPYRIDAMOLE",
        "price": 1150.67,
        "buyerFirstName": null,
        "buyerLastName": "Peterson"
      },
      {
        "name": "CD CAPTURE TOTALE Triple Correcting Serum Foundation Wrinkles-Dark Spots-Radiance with sunscreen Broad Spectrum SPF 25 010",
        "price": 77.23,
        "buyerFirstName": "Patrick",
        "buyerLastName": "King"
      },
      {
        "name": "Growing Pains",
        "price": 1077.37,
        "buyerFirstName": "Brandon",
        "buyerLastName": "Fuller"
      }
    ]
  },
  {
    "firstName": null,
    "lastName": "Stewart",
    "soldProducts": [
      {
        "name": "Americaine",
        "price": 1165.75,
        "buyerFirstName": null,
        "buyerLastName": "Stewart"
      },
      {
        "name": "cough and sore throat",
        "price": 1482.68,
        "buyerFirstName": "Amanda",
        "buyerLastName": "Frazier"
      },
      {
        "name": "LANEIGE MYSTIC VEIL FOUNDATION",
        "price": 20.86,
        "buyerFirstName": null,
        "buyerLastName": "Baker"
      }
    ]
  },
  {
    "firstName": "Eugene",
    "lastName": "Stewart",
    "soldProducts": [
      {
        "name": "Allopurinol",
        "price": 48.80,
        "buyerFirstName": null,
        "buyerLastName": "Baker"
      },
      {
        "name": "SUMATRIPTAN SUCCINATE",
        "price": 1265.94,
        "buyerFirstName": "Christina",
        "buyerLastName": "Patterson"
      }
    ]
  },
  {
    "firstName": null,
    "lastName": "Thompson",
    "soldProducts": [
      {
        "name": "Echinacea Quartz Gum Support",
        "price": 570.08,
        "buyerFirstName": "Diana",
        "buyerLastName": "Harvey"
      },
      {
        "name": "MEDI-FIRST Non-Aspirin",
        "price": 1301.28,
        "buyerFirstName": "Benjamin",
        "buyerLastName": "Henry"
      }
    ]
  },
  {
    "firstName": "Betty",
    "lastName": "Ward",
    "soldProducts": [
      {
        "name": "Stila Hydrating Primer Oil-Free SPF 30",
        "price": 179.28,
        "buyerFirstName": null,
        "buyerLastName": "Bennett"
      },
      {
        "name": "AIR",
        "price": 581.69,
        "buyerFirstName": "Jean",
        "buyerLastName": "Henry"
      }
    ]
  },
  {
    "firstName": "Marie",
    "lastName": "Williamson",
    "soldProducts": [
      {
        "name": "Cold and Cough",
        "price": 218.14,
        "buyerFirstName": "Jacqueline",
        "buyerLastName": "Perez"
      },
      {
        "name": "Retin-A MICRO",
        "price": 995.98,
        "buyerFirstName": "Amanda",
        "buyerLastName": "Frazier"
      },
      {
        "name": "Acetaminophen, Chlorpheniramine Maleate, Dextromethorphan Hydrobromide, Phenylephrine Hydrochloride",
        "price": 1028.27,
        "buyerFirstName": "Betty",
        "buyerLastName": "Lawson"
      },
      {
        "name": "Prostate",
        "price": 716.05,
        "buyerFirstName": "Sandra",
        "buyerLastName": "Riley"
      },
      {
        "name": "ERYTHROMYCIN Base Filmtab",
        "price": 117.84,
        "buyerFirstName": null,
        "buyerLastName": "Baker"
      },
      {
        "name": "Glyburide",
        "price": 95.10,
        "buyerFirstName": "Doris",
        "buyerLastName": "Cook"
      }
    ]
  },
  {
    "firstName": "Jeremy",
    "lastName": "Woods",
    "soldProducts": [
      {
        "name": "TYLENOL COLD MULTI-SYMPTOM DAYTIME",
        "price": 1010.81,
        "buyerFirstName": "Doris",
        "buyerLastName": "Cook"
      },
      {
        "name": "Buprenorphine hydrochloride",
        "price": 391.05,
        "buyerFirstName": "Benjamin",
        "buyerLastName": "Henry"
      },
      {
        "name": "Myristica Argentum Sinus Relief",
        "price": 904.52,
        "buyerFirstName": "Clarence",
        "buyerLastName": "Fowler"
      },
      {
        "name": "Lorazepam",
        "price": 1134.96,
        "buyerFirstName": "Brandon",
        "buyerLastName": "Fuller"
      },
      {
        "name": "TERSI",
        "price": 554.91,
        "buyerFirstName": "Christine",
        "buyerLastName": "Gomez"
      },
      {
        "name": "XtraCare Foam Antibacterial Hand Wash",
        "price": 1251.97,
        "buyerFirstName": "Thomas",
        "buyerLastName": "Snyder"
      }
    ]
  }
]