<?xml version="1.0" encoding="utf-16"?>
<users>
  <user>
    <Username>ZendArmyhow</Username>
    <MostComments>3</MostComments>
  </user>
  <user>
    <Username>BlaSinduxrein</Username>
    <MostComments>2</MostComments>
  </user>
  <user>
    <Username>HighAsmahow</Username>
    <MostComments>2</MostComments>
  </user>
  <user>
    <Username>RoundAntigaBel</Username>
    <MostComments>2</MostComments>
  </user>
  <user>
    <Username>ScoreAntigarein</Username>
    <MostComments>2</MostComments>
  </user>
  <user>
    <Username>WhatTerrorBel</Username>
    <MostComments>2</MostComments>
  </user>
  <user>
    <Username>AryaDenotehow</Username>
    <MostComments>1</MostComments>
  </user>
  <user>
    <Username>UnderSinduxrein</Username>
    <MostComments>1</MostComments>
  </user>
  <user>
    <Username>AryaNinehow</Username>
    <MostComments>0</MostComments>
  </user>
  <user>
    <Username>BlaImmagiIana</Username>
    <MostComments>0</MostComments>
  </user>
  <user>
    <Username>DarkImmagidsa</Username>
    <MostComments>0</MostComments>
  </user>
  <user>
    <Username>DeleteMe</Username>
    <MostComments>0</MostComments>
  </user>
  <user>
    <Username>RoundArmydsa</Username>
    <MostComments>0</MostComments>
  </user>
  <user>
    <Username>RoundInspecindi</Username>
    <MostComments>0</MostComments>
  </user>
  <user>
    <Username>TheDivineBel</Username>
    <MostComments>0</MostComments>
  </user>
  <user>
    <Username>UnveiledDenoteIana</Username>
    <MostComments>0</MostComments>
  </user>
  <user>
    <Username>WhoDenoteBel</Username>
    <MostComments>0</MostComments>
  </user>
</users>